<?xml version="1.0" encoding="UTF-8"?>
<ruleset xmlns:xsi="http://www.w3.org/2001/XMLSchema-instance" name="Lumen" xsi:noNamespaceSchemaLocation="phpcs.xsd">
  <description>Lumen PSR-12 coding standard.</description>

  <!-- Folders/files to sniff for -->
  <file>app</file>
  <file>bootstrap</file>
  <file>database</file>
  <file>resources</file>
  <file>routes</file>
  <file>tests</file>

  <!-- folders/files to exclude in checking -->
  <exclude-pattern>_ide_helper_models.php</exclude-pattern>
  <exclude-pattern>_ide_helper.php</exclude-pattern>
  <exclude-pattern>.phpstorm.meta.php</exclude-pattern>
  <exclude-pattern>.php-cs-fixer.php</exclude-pattern>
  <exclude-pattern>*/storage/*</exclude-pattern>
  <exclude-pattern>*/vendor/*</exclude-pattern>

  <!-- Command Parameters -->
  <arg name="report" value="summary"/>
  <arg name="colors"/>
  <arg value="np"/>

  <rule ref="PSR12">
    <exclude name="PSR12.Files.FileHeader.SpacingInsideBlock"/>
  </rule>
</ruleset>

